PDB_ID,X,Y,Z,SIZE
3eky.pdbqt,21.115999221801758,29.386999130249023,11.741999626159668,20.0
